,mean,sd,2.50%,97.50%,Rhat
buildSrxn1Base.1.,0.045643471,0.005023091,0.0356201,0.0552683,1.059970032
degradSrxn1.1.,0.010236165,0.00078698,0.00907504,0.0120356,1.02173269
Vmax_buildSrxn1.1.,56228.32521,1028.308294,54249.2625,58308.825,1.07272791
Km.1.,3194.813022,169.7501548,2877.64375,3501.03875,1.728799586
hill.1.,1.412209402,0.010338428,1.39349,1.43207,1.828761024
